sk_index	ashtadhyayi_index
16	1.1.1
17	1.1.2
34	1.1.3
2656	1.1.4
2217	1.1.5
2190	1.1.6
30	1.1.7
9	1.1.8
10	1.1.9
13	1.1.10
100	1.1.11
101	1.1.12
102	1.1.13
103	1.1.14
104	1.1.15
105	1.1.16
106	1.1.17
107	1.1.18
109	1.1.19
2373	1.1.20
348	1.1.21
2003	1.1.22
258	1.1.23
369	1.1.24
259	1.1.25
3012	1.1.26
213	1.1.27
292	1.1.28
222	1.1.29
223	1.1.30
224	1.1.31
225	1.1.32
226	1.1.33
218	1.1.34
219	1.1.35
220	1.1.36
447	1.1.37
448	1.1.38
449	1.1.39
450	1.1.40
451	1.1.41
313	1.1.42
229	1.1.43
24	1.1.44
328	1.1.45
36	1.1.46
37	1.1.47
323	1.1.48
38	1.1.49
39	1.1.50
70	1.1.51
42	1.1.52
43	1.1.53
44	1.1.54
45	1.1.55
49	1.1.56
50	1.1.57
51	1.1.58
2243	1.1.59
53	1.1.60
260	1.1.61
262	1.1.62
263	1.1.63
79	1.1.64
249	1.1.65
40	1.1.66
41	1.1.67
25	1.1.68
14	1.1.69
15	1.1.70
2	1.1.71
26	1.1.72
1335	1.1.73
1336	1.1.74
1338	1.1.75
2461	1.2.1
2536	1.2.2
2447	1.2.3
2234	1.2.4
2242	1.2.5
3393	1.2.6
3323	1.2.7
2609	1.2.8
2612	1.2.9
2613	1.2.10
2300	1.2.11
2368	1.2.12
2700	1.2.13
2697	1.2.14
2698	1.2.15
2730	1.2.16
2389	1.2.17
3322	1.2.18
3052	1.2.19
3055	1.2.20
3056	1.2.21
3051	1.2.22
3324	1.2.23
3325	1.2.24
3326	1.2.25
2617	1.2.26
4	1.2.27
35	1.2.28
5	1.2.29
6	1.2.30
7	1.2.31
8	1.2.32
3662	1.2.33
3663	1.2.34
3664	1.2.35
3665	1.2.36
3666	1.2.37
3667	1.2.38
3668	1.2.39
3669	1.2.40
251	1.2.41
745	1.2.42
653	1.2.43
655	1.2.44
178	1.2.45
179	1.2.46
318	1.2.47
656	1.2.48
1408	1.2.49
1703	1.2.50
1294	1.2.51
1300	1.2.52
1295	1.2.53
1296	1.2.54
1297	1.2.55
1298	1.2.56
1299	1.2.57
817	1.2.58
818	1.2.59
819	1.2.60
3387	1.2.61
3388	1.2.62
820	1.2.63
188	1.2.64
931	1.2.65
932	1.2.66
933	1.2.67
934	1.2.68
935	1.2.69
936	1.2.70
937	1.2.71
938	1.2.72
939	1.2.73
18	1.3.1
3	1.3.2
1	1.3.3
190	1.3.4
2289	1.3.5
474	1.3.6
189	1.3.7
195	1.3.8
62	1.3.9
128	1.3.10
46	1.3.11
2157	1.3.12
2679	1.3.13
2680	1.3.14
2681	1.3.15
2682	1.3.16
2683	1.3.17
2684	1.3.18
2685	1.3.19
2686	1.3.20
2687	1.3.21
2689	1.3.22
2690	1.3.23
2691	1.3.24
2692	1.3.25
2693	1.3.26
2694	1.3.27
2695	1.3.28
2699	1.3.29
2703	1.3.30
2704	1.3.31
2705	1.3.32
2706	1.3.33
2707	1.3.34
2708	1.3.35
2709	1.3.36
2710	1.3.37
2711	1.3.38
2712	1.3.39
2713	1.3.40
2714	1.3.41
2715	1.3.42
2716	1.3.43
2717	1.3.44
2718	1.3.45
2719	1.3.46
2720	1.3.47
2721	1.3.48
2722	1.3.49
2723	1.3.50
2724	1.3.51
2725	1.3.52
2726	1.3.53
2727	1.3.54
2728	1.3.55
2729	1.3.56
2731	1.3.57
2732	1.3.58
2733	1.3.59
2362	1.3.60
2538	1.3.61
2734	1.3.62
2240	1.3.63
2735	1.3.64
2736	1.3.65
2737	1.3.66
2738	1.3.67
2594	1.3.68
2739	1.3.69
2592	1.3.70
2740	1.3.71
2158	1.3.72
2741	1.3.73
2564	1.3.74
2742	1.3.75
2743	1.3.76
2744	1.3.77
2159	1.3.78
2745	1.3.79
2746	1.3.80
2747	1.3.81
2748	1.3.82
2749	1.3.83
2750	1.3.84
2751	1.3.85
2752	1.3.86
2753	1.3.87
2754	1.3.88
2755	1.3.89
2669	1.3.90
2345	1.3.91
2347	1.3.92
2351	1.3.93
232	1.4.1
175	1.4.2
266	1.4.3
303	1.4.4
304	1.4.5
293	1.4.6
243	1.4.7
257	1.4.8
3389	1.4.9
31	1.4.10
32	1.4.11
33	1.4.12
199	1.4.13
29	1.4.14
2651	1.4.15
2252	1.4.16
230	1.4.17
231	1.4.18
1896	1.4.19
3370	1.4.20
187	1.4.21
186	1.4.22
534	1.4.23
586	1.4.24
588	1.4.25
589	1.4.26
590	1.4.27
591	1.4.28
592	1.4.29
593	1.4.30
594	1.4.31
569	1.4.32
571	1.4.33
572	1.4.34
573	1.4.35
574	1.4.36
575	1.4.37
576	1.4.38
577	1.4.39
578	1.4.40
579	1.4.41
560	1.4.42
562	1.4.43
580	1.4.44
632	1.4.45
542	1.4.46
543	1.4.47
544	1.4.48
535	1.4.49
538	1.4.50
539	1.4.51
540	1.4.52
541	1.4.53
559	1.4.54
2575	1.4.55
19	1.4.56
20	1.4.57
21	1.4.58
22	1.4.59
23	1.4.60
762	1.4.61
763	1.4.62
764	1.4.63
765	1.4.64
766	1.4.65
767	1.4.66
768	1.4.67
769	1.4.68
770	1.4.69
771	1.4.70
772	1.4.71
773	1.4.72
774	1.4.73
775	1.4.74
776	1.4.75
777	1.4.76
778	1.4.77
779	1.4.78
780	1.4.79
2230	1.4.80
3391	1.4.81
3392	1.4.82
546	1.4.83
547	1.4.84
549	1.4.85
550	1.4.86
551	1.4.87
596	1.4.88
597	1.4.89
552	1.4.90
553	1.4.91
599	1.4.92
554	1.4.93
555	1.4.94
556	1.4.95
557	1.4.96
644	1.4.97
646	1.4.98
2155	1.4.99
2156	1.4.100
2160	1.4.101
2161	1.4.102
185	1.4.103
184	1.4.104
2162	1.4.105
2163	1.4.106
2164	1.4.107
2165	1.4.108
28	1.4.109
27	1.4.110
647	2.1.1
3656	2.1.2
648	2.1.3
649	2.1.4
651	2.1.5
652	2.1.6
661	2.1.7
662	2.1.8
663	2.1.9
664	2.1.10
665	2.1.11
666	2.1.12
667	2.1.13
668	2.1.14
669	2.1.15
670	2.1.16
671	2.1.17
672	2.1.18
673	2.1.19
674	2.1.20
675	2.1.21
684	2.1.22
685	2.1.23
686	2.1.24
678	2.1.25
688	2.1.26
689	2.1.27
690	2.1.28
691	2.1.29
692	2.1.30
693	2.1.31
694	2.1.32
695	2.1.33
696	2.1.34
697	2.1.35
698	2.1.36
699	2.1.37
700	2.1.38
701	2.1.39
717	2.1.40
718	2.1.41
719	2.1.42
720	2.1.43
721	2.1.44
722	2.1.45
723	2.1.46
724	2.1.47
725	2.1.48
726	2.1.49
727	2.1.50
728	2.1.51
730	2.1.52
731	2.1.53
732	2.1.54
733	2.1.55
734	2.1.56
735	2.1.57
736	2.1.58
737	2.1.59
738	2.1.60
739	2.1.61
740	2.1.62
741	2.1.63
742	2.1.64
743	2.1.65
744	2.1.66
748	2.1.67
749	2.1.68
750	2.1.69
751	2.1.70
753	2.1.71
754	2.1.72
712	2.2.1
713	2.2.2
714	2.2.3
715	2.2.4
716	2.2.5
756	2.2.6
755	2.2.7
702	2.2.8
703	2.2.9
704	2.2.10
705	2.2.11
706	2.2.12
707	2.2.13
708	2.2.14
709	2.2.15
710	2.2.16
711	2.2.17
761	2.2.18
782	2.2.19
783	2.2.20
784	2.2.21
785	2.2.22
829	2.2.23
830	2.2.24
843	2.2.25
845	2.2.26
846	2.2.27
848	2.2.28
901	2.2.29
654	2.2.30
902	2.2.31
903	2.2.32
904	2.2.33
905	2.2.34
898	2.2.35
899	2.2.36
900	2.2.37
751	2.2.38
536	2.3.1
537	2.3.2
3394	2.3.3
545	2.3.4
558	2.3.5
563	2.3.6
643	2.3.7
548	2.3.8
645	2.3.9
598	2.3.10
600	2.3.11
585	2.3.12
570	2.3.13
581	2.3.14
582	2.3.15
583	2.3.16
584	2.3.17
561	2.3.18
564	2.3.19
565	2.3.20
566	2.3.21
567	2.3.22
568	2.3.23
601	2.3.24
602	2.3.25
607	2.3.26
608	2.3.27
587	2.3.28
595	2.3.29
609	2.3.30
610	2.3.31
603	2.3.32
604	2.3.33
611	2.3.34
605	2.3.35
633	2.3.36
634	2.3.37
635	2.3.38
636	2.3.39
637	2.3.40
638	2.3.41
639	2.3.42
640	2.3.43
641	2.3.44
642	2.3.45
532	2.3.46
533	2.3.47
411	2.3.48
192	2.3.49
606	2.3.50
612	2.3.51
613	2.3.52
614	2.3.53
615	2.3.54
616	2.3.55
617	2.3.56
618	2.3.57
619	2.3.58
620	2.3.59
3395	2.3.60
621	2.3.61
3396	2.3.62
3397	2.3.63
622	2.3.64
623	2.3.65
624	2.3.66
625	2.3.67
626	2.3.68
627	2.3.69
628	2.3.70
629	2.3.71
630	2.3.72
631	2.3.73
731	2.4.1
906	2.4.2
907	2.4.3
908	2.4.4
909	2.4.5
910	2.4.6
911	2.4.7
912	2.4.8
913	2.4.9
914	2.4.10
915	2.4.11
916	2.4.12
917	2.4.13
918	2.4.14
919	2.4.15
920	2.4.16
821	2.4.17
659	2.4.18
822	2.4.19
823	2.4.20
824	2.4.21
825	2.4.22
826	2.4.23
827	2.4.24
828	2.4.25
812	2.4.26
813	2.4.27
3399	2.4.28
814	2.4.29
815	2.4.30
816	2.4.31
350	2.4.32
1962	2.4.33
351	2.4.34
2632	2.4.35
3080	2.4.36
2427	2.4.37
3236	2.4.38
3398	2.4.39
2424	2.4.40
2411	2.4.41
2433	2.4.42
2434	2.4.43
2696	2.4.44
2458	2.4.45
2607	2.4.46
2615	2.4.47
2616	2.4.48
2459	2.4.49
2460	2.4.50
2571	2.4.51
2470	2.4.52
2453	2.4.53
2436	2.4.54
2437	2.4.55
2292	2.4.56
3292	2.4.57
1276	2.4.58
1084	2.4.59
1085	2.4.60
1086	2.4.61
1193	2.4.62
1146	2.4.63
1108	2.4.64
1147	2.4.65
1148	2.4.66
1149	2.4.67
1150	2.4.68
1151	2.4.69
1152	2.4.70
650	2.4.71
2423	2.4.72
3400	2.4.73
2650	2.4.74
2489	2.4.75
3401	2.4.76
2223	2.4.77
2376	2.4.78
2547	2.4.79
3402	2.4.80
2238	2.4.81
452	2.4.82
657	2.4.83
658	2.4.84
2188	2.4.85
180	3.1.1
181	3.1.2
3708	3.1.3
3709	3.1.4
2393	3.1.5
2394	3.1.6
2608	3.1.7
2657	3.1.8
2663	3.1.9
2664	3.1.10
2665	3.1.11
2667	3.1.12
2668	3.1.13
2670	3.1.14
2671	3.1.15
2672	3.1.16
2673	3.1.17
2674	3.1.18
2675	3.1.19
2676	3.1.20
2677	3.1.21
2629	3.1.22
2634	3.1.23
2635	3.1.24
2563	3.1.25
2576	3.1.26
2678	3.1.27
2303	3.1.28
2422	3.1.29
2310	3.1.30
2305	3.1.31
2304	3.1.32
2186	3.1.33
3425	3.1.34
2306	3.1.35
2237	3.1.36
2324	3.1.37
2341	3.1.38
2491	3.1.39
2239	3.1.40
2465	3.1.41
3403	3.1.42
2221	3.1.43
2222	3.1.44
2336	3.1.45
2514	3.1.46
2407	3.1.47
2312	3.1.48
2375	3.1.49
3404	3.1.50
3405	3.1.51
2438	3.1.52
2418	3.1.53
2419	3.1.54
2343	3.1.55
2382	3.1.56
2269	3.1.57
2291	3.1.58
3406	3.1.59
2513	3.1.60
2328	3.1.61
2768	3.1.62
2769	3.1.63
2770	3.1.64
2760	3.1.65
2758	3.1.66
2756	3.1.67
2167	3.1.68
2505	3.1.69
2321	3.1.70
2521	3.1.71
2522	3.1.72
2523	3.1.73
2386	3.1.74
2338	3.1.75
2339	3.1.76
2534	3.1.77
2543	3.1.78
2466	3.1.79
2332	3.1.80
2554	3.1.81
2555	3.1.82
2557	3.1.83
3432	3.1.84
3433	3.1.85
3434	3.1.86
2766	3.1.87
2771	3.1.88
2767	3.1.89
2772	3.1.90
2829	3.1.91
781	3.1.92
374	3.1.93
2830	3.1.94
2831	3.1.95
2834	3.1.96
2842	3.1.97
2844	3.1.98
2847	3.1.99
2848	3.1.100
2849	3.1.101
2850	3.1.102
2851	3.1.103
2852	3.1.104
2853	3.1.105
2854	3.1.106
2855	3.1.107
2856	3.1.108
2857	3.1.109
2859	3.1.110
2860	3.1.111
2861	3.1.112
2862	3.1.113
2865	3.1.114
2866	3.1.115
2867	3.1.116
2868	3.1.117
2869	3.1.118
2870	3.1.119
2871	3.1.120
2873	3.1.121
2874	3.1.122
3407	3.1.123
2872	3.1.124
2886	3.1.125
2887	3.1.126
2888	3.1.127
2889	3.1.128
2890	3.1.129
2891	3.1.130
2892	3.1.131
2893	3.1.132
2895	3.1.133
2896	3.1.134
2897	3.1.135
2898	3.1.136
2899	3.1.137
2900	3.1.138
2901	3.1.139
2902	3.1.140
2903	3.1.141
2904	3.1.142
2905	3.1.143
2906	3.1.144
2907	3.1.145
2908	3.1.146
2909	3.1.147
2910	3.1.148
2911	3.1.149
2912	3.1.150
2913	3.2.1
2914	3.2.2
2915	3.2.3
2916	3.2.4
2919	3.2.5
2920	3.2.6
2921	3.2.7
2922	3.2.8
2923	3.2.9
2924	3.2.10
2925	3.2.11
2926	3.2.12
2927	3.2.13
2928	3.2.14
2929	3.2.15
2930	3.2.16
2931	3.2.17
2932	3.2.18
2933	3.2.19
2934	3.2.20
2935	3.2.21
2936	3.2.22
2937	3.2.23
2938	3.2.24
2939	3.2.25
2940	3.2.26
3408	3.2.27
2941	3.2.28
2944	3.2.29
2945	3.2.30
2946	3.2.31
2947	3.2.32
2948	3.2.33
2949	3.2.34
2950	3.2.35
2951	3.2.36
2952	3.2.37
2953	3.2.38
2954	3.2.39
2956	3.2.40
2958	3.2.41
2959	3.2.42
2960	3.2.43
2961	3.2.44
2962	3.2.45
2963	3.2.46
2964	3.2.47
2965	3.2.48
2966	3.2.49
2967	3.2.50
2968	3.2.51
2969	3.2.52
2970	3.2.53
2971	3.2.54
2972	3.2.55
2973	3.2.56
2974	3.2.57
432	3.2.58
373	3.2.59
429	3.2.60
2975	3.2.61
2976	3.2.62
3409	3.2.63
3410	3.2.64
3411	3.2.65
3412	3.2.66
3413	3.2.67
2977	3.2.68
2978	3.2.69
2979	3.2.70
3414	3.2.71
3415	3.2.72
3417	3.2.73
3418	3.2.74
3980	3.2.75
2983	3.2.76
2987	3.2.77
2988	3.2.78
2989	3.2.79
2990	3.2.80
2991	3.2.81
2992	3.2.82
2993	3.2.83
2995	3.2.84
2996	3.2.85
2997	3.2.86
2998	3.2.87
2419	3.2.88
2999	3.2.89
3000	3.2.90
3001	3.2.91
3002	3.2.92
3003	3.2.93
3004	3.2.94
3005	3.2.95
3006	3.2.96
3007	3.2.97
3008	3.2.98
3009	3.2.99
3010	3.2.100
3011	3.2.101
3013	3.2.102
3091	3.2.103
3092	3.2.104
3093	3.2.105
3094	3.2.106
3095	3.2.107
3097	3.2.108
3098	3.2.109
2218	3.2.110
2205	3.2.111
2773	3.2.112
2774	3.2.113
2775	3.2.114
2171	3.2.115
2776	3.2.116
2777	3.2.117
2778	3.2.118
2779	3.2.119
2780	3.2.120
2781	3.2.121
2782	3.2.122
2151	3.2.123
3100	3.2.124
3102	3.2.125
3103	3.2.126
3106	3.2.127
3108	3.2.128
3109	3.2.129
3110	3.2.130
3111	3.2.131
3112	3.2.132
3113	3.2.133
3114	3.2.134
3115	3.2.135
3116	3.2.136
3117	3.2.137
3118	3.2.138
3119	3.2.139
3120	3.2.140
3121	3.2.141
3122	3.2.142
3123	3.2.143
3124	3.2.144
3125	3.2.145
3126	3.2.146
3127	3.2.147
3128	3.2.148
3129	3.2.149
3130	3.2.150
3131	3.2.151
3132	3.2.152
3133	3.2.153
3134	3.2.154
3135	3.2.155
3136	3.2.156
3137	3.2.157
3138	3.2.158
3139	3.2.159
3140	3.2.160
3141	3.2.161
3142	3.2.162
3143	3.2.163
3144	3.2.164
3145	3.2.165
3146	3.2.166
3147	3.2.167
3148	3.2.168
3149	3.2.169
3150	3.2.170
3151	3.2.171
3152	3.2.172
3153	3.2.173
3154	3.2.174
3155	3.2.175
3156	3.2.176
3157	3.2.177
3158	3.2.178
3159	3.2.179
3160	3.2.180
3161	3.2.181
3162	3.2.182
3164	3.2.183
3165	3.2.184
3166	3.2.185
3167	3.2.186
3088	3.2.187
3089	3.2.188
3169	3.3.1
3170	3.3.2
3171	3.3.3
2783	3.3.4
2784	3.3.5
2785	3.3.6
2786	3.3.7
2787	3.3.8
2788	3.3.9
3175	3.3.10
3180	3.3.11
3181	3.3.12
2193	3.3.13
3107	3.3.14
2185	3.3.15
3182	3.3.16
3183	3.3.17
3184	3.3.18
3186	3.3.19
3190	3.3.20
3191	3.3.21
3192	3.3.22
3194	3.3.23
3195	3.3.24
3196	3.3.25
3197	3.3.26
3198	3.3.27
3199	3.3.28
3200	3.3.29
3201	3.3.30
3202	3.3.31
3203	3.3.32
3204	3.3.33
3205	3.3.34
3207	3.3.35
3208	3.3.36
3209	3.3.37
3210	3.3.38
3211	3.3.39
3212	3.3.40
3213	3.3.41
3214	3.3.42
3215	3.3.43
3218	3.3.44
3220	3.3.45
3221	3.3.46
3222	3.3.47
3223	3.3.48
3224	3.3.49
3225	3.3.50
3226	3.3.51
3227	3.3.52
3228	3.3.53
3229	3.3.54
3230	3.3.55
3231	3.3.56
3232	3.3.57
3234	3.3.58
3235	3.3.59
3237	3.3.60
3238	3.3.61
3239	3.3.62
3240	3.3.63
3241	3.3.64
3242	3.3.65
3243	3.3.66
3244	3.3.67
3245	3.3.68
3246	3.3.69
3247	3.3.70
3248	3.3.71
3249	3.3.72
3250	3.3.73
3251	3.3.74
3252	3.3.75
3253	3.3.76
3254	3.3.77
3255	3.3.78
3256	3.3.79
3257	3.3.80
3258	3.3.81
3259	3.3.82
3260	3.3.83
3261	3.3.84
3263	3.3.85
3264	3.3.86
3265	3.3.87
3266	3.3.88
3267	3.3.89
3268	3.3.90
3269	3.3.91
3270	3.3.92
3271	3.3.93
3272	3.3.94
3273	3.3.95
3420	3.3.96
3274	3.3.97
3275	3.3.98
3276	3.3.99
3277	3.3.100
3278	3.3.101
3279	3.3.102
3280	3.3.103
3281	3.3.104
3282	3.3.105
3283	3.3.106
3284	3.3.107
3285	3.3.108
3286	3.3.109
3287	3.3.110
3288	3.3.111
3289	3.3.112
2841	3.3.113
3090	3.3.114
3290	3.3.115
3291	3.3.116
3293	3.3.117
3296	3.3.118
3298	3.3.119
3299	3.3.120
3300	3.3.121
3301	3.3.122
3302	3.3.123
3303	3.3.124
3304	3.3.125
3305	3.3.126
3308	3.3.127
3309	3.3.128
3421	3.3.129
3422	3.3.130
2789	3.3.131
2790	3.3.132
2791	3.3.133
2792	3.3.134
2793	3.3.135
2794	3.3.136
2795	3.3.137
2796	3.3.138
2229	3.3.139
2797	3.3.140
2798	3.3.141
2799	3.3.142
2800	3.3.143
2801	3.3.144
2802	3.3.145
2803	3.3.146
2804	3.3.147
2805	3.3.148
2806	3.3.149
2807	3.3.150
2808	3.3.151
2809	3.3.152
2810	3.3.153
2811	3.3.154
2812	3.3.155
2813	3.3.156
2814	3.3.157
3176	3.3.158
2815	3.3.159
2816	3.3.160
2208	3.3.161
2194	3.3.162
2817	3.3.163
2818	3.3.164
2819	3.3.165
2820	3.3.166
3179	3.3.167
2821	3.3.168
2822	3.3.169
3311	3.3.170
3312	3.3.171
2823	3.3.172
2195	3.3.173
3313	3.3.174
2219	3.3.175
2220	3.3.176
2824	3.4.1
2825	3.4.2
2826	3.4.3
2827	3.4.4
2828	3.4.5
3423	3.4.6
3424	3.4.7
3431	3.4.8
3436	3.4.9
3437	3.4.10
3438	3.4.11
3439	3.4.12
3440	3.4.13
3441	3.4.14
3442	3.4.15
3443	3.4.16
3444	3.4.17
3316	3.4.18
3317	3.4.19
3319	3.4.20
3320	3.4.21
3343	3.4.22
3344	3.4.23
3345	3.4.24
3346	3.4.25
3347	3.4.26
3348	3.4.27
3349	3.4.28
3350	3.4.29
3351	3.4.30
3352	3.4.31
3353	3.4.32
3354	3.4.33
3355	3.4.34
3356	3.4.35
3357	3.4.36
3358	3.4.37
3359	3.4.38
3360	3.4.39
3361	3.4.40
3362	3.4.41
3363	3.4.42
3364	3.4.43
3365	3.4.44
3366	3.4.45
3367	3.4.46
3368	3.4.47
3369	3.4.48
3370	3.4.49
3371	3.4.50
3372	3.4.51
3373	3.4.52
3374	3.4.53
3376	3.4.54
3377	3.4.55
3378	3.4.56
3379	3.4.57
3380	3.4.58
3381	3.4.59
3382	3.4.60
3383	3.4.61
3384	3.4.62
3385	3.4.63
3386	3.4.64
3177	3.4.65
3178	3.4.66
2832	3.4.67
2894	3.4.68
2152	3.4.69
2833	3.4.70
3053	3.4.71
3086	3.4.72
3172	3.4.73
3173	3.4.74
3174	3.4.75
3087	3.4.76
2153	3.4.77
2154	3.4.78
2233	3.4.79
2236	3.4.80
2241	3.4.81
2173	3.4.82
2464	3.4.83
2450	3.4.84
2198	3.4.85
2196	3.4.86
2201	3.4.87
3552	3.4.88
2203	3.4.89
2251	3.4.90
2252	3.4.91
2204	3.4.92
2253	3.4.93
3427	3.4.94
3429	3.4.95
3430	3.4.96
3426	3.4.97
3428	3.4.98
2200	3.4.99
2207	3.4.100
2199	3.4.101
2255	3.4.102
2209	3.4.103
2216	3.4.104
2256	3.4.105
2257	3.4.106
2210	3.4.107
2213	3.4.108
2226	3.4.109
2227	3.4.110
2463	3.4.111
2435	3.4.112
2166	3.4.113
2187	3.4.114
2172	3.4.115
2215	3.4.116
3435	3.4.117
182	4.1.1
183	4.1.2
453	4.1.3
454	4.1.4
306	4.1.5
455	4.1.6
456	4.1.7
457	4.1.8
458	4.1.9
308	4.1.10
459	4.1.11
460	4.1.12
461	4.1.13
469	4.1.14
470	4.1.15
471	4.1.16
473	4.1.17
476	4.1.18
477	4.1.19
478	4.1.20
479	4.1.21
480	4.1.22
481	4.1.23
482	4.1.24
484	4.1.25
485	4.1.26
486	4.1.27
462	4.1.28
487	4.1.29
488	4.1.30
3445	4.1.31
489	4.1.32
490	4.1.33
491	4.1.34
492	4.1.35
493	4.1.36
494	4.1.37
495	4.1.38
496	4.1.39
497	4.1.40
498	4.1.41
500	4.1.42
501	4.1.43
502	4.1.44
503	4.1.45
3446	4.1.46
3447	4.1.47
504	4.1.48
505	4.1.49
506	4.1.50
507	4.1.51
508	4.1.52
509	4.1.53
510	4.1.54
511	4.1.55
512	4.1.56
513	4.1.57
514	4.1.58
3448	4.1.59
515	4.1.60
516	4.1.61
517	4.1.62
518	4.1.63
519	4.1.64
520	4.1.65
521	4.1.66
522	4.1.67
523	4.1.68
524	4.1.69
525	4.1.70
3449	4.1.71
526	4.1.72
527	4.1.73
528	4.1.74
529	4.1.75
530	4.1.76
531	4.1.77
1198	4.1.78
1199	4.1.79
1200	4.1.80
1201	4.1.81
1072	4.1.82
1073	4.1.83
1074	4.1.84
1077	4.1.85
1078	4.1.86
1079	4.1.87
1080	4.1.88
1081	4.1.89
1083	4.1.90
1087	4.1.91
1088	4.1.92
1093	4.1.93
1094	4.1.94
1095	4.1.95
1096	4.1.96
1097	4.1.97
1099	4.1.98
1101	4.1.99
1102	4.1.100
1103	4.1.101
1104	4.1.102
1105	4.1.103
1106	4.1.104
1107	4.1.105
1109	4.1.106
1110	4.1.107
1111	4.1.108
1112	4.1.109
1113	4.1.110
1114	4.1.111
1115	4.1.112
1116	4.1.113
1117	4.1.114
1118	4.1.115
1119	4.1.116
1120	4.1.117
1121	4.1.118
1122	4.1.119
1123	4.1.120
1124	4.1.121
1125	4.1.122
1126	4.1.123
1127	4.1.124
1128	4.1.125
1131	4.1.126
1132	4.1.127
1134	4.1.128
1135	4.1.129
1136	4.1.130
1137	4.1.131
1138	4.1.132
1139	4.1.133
1140	4.1.134
1141	4.1.135
1143	4.1.136
1153	4.1.137
1161	4.1.138
1162	4.1.139
1163	4.1.140
1164	4.1.141
1165	4.1.142
1166	4.1.143
1167	4.1.144
1168	4.1.145
1169	4.1.146
1171	4.1.147
1172	4.1.148
1173	4.1.149
1174	4.1.150
1175	4.1.151
1176	4.1.152
1177	4.1.153
1178	4.1.154
1179	4.1.155
1180	4.1.156
1181	4.1.157
1182	4.1.158
1183	4.1.159
1184	4.1.160
1185	4.1.161
1089	4.1.162
1090	4.1.163
1091	4.1.164
1092	4.1.165
	4.1.166
	4.1.167
1186	4.1.168
1187	4.1.169
1188	4.1.170
1189	4.1.171
1190	4.1.172
1191	4.1.173
1192	4.1.174
1194	4.1.175
1195	4.1.176
1196	4.1.177
1197	4.1.178
1202	4.2.1
1203	4.2.2
1204	4.2.3
1205	4.2.4
1206	4.2.5
1207	4.2.6
1208	4.2.7
1209	4.2.8
1210	4.2.9
1211	4.2.10
1212	4.2.11
1213	4.2.12
1214	4.2.13
1215	4.2.14
1216	4.2.15
1217	4.2.16
1218	4.2.17
1219	4.2.18
1220	4.2.19
1222	4.2.20
1223	4.2.21
1224	4.2.22
1225	4.2.23
1226	4.2.24
1227	4.2.25
1228	4.2.26
1229	4.2.27
1230	4.2.28
1231	4.2.29
1232	4.2.30
1233	4.2.31
1235	4.2.32
1236	4.2.33
1237	4.2.34
1238	4.2.35
1242	4.2.36
1243	4.2.37
1244	4.2.38
1246	4.2.39
1248	4.2.40
1249	4.2.41
1250	4.2.42
1251	4.2.43
1253	4.2.44
1254	4.2.45
1255	4.2.46
1256	4.2.47
1257	4.2.48
1258	4.2.49
1259	4.2.50
1260	4.2.51
1261	4.2.52
1262	4.2.53
1263	4.2.54
1264	4.2.55
1265	4.2.56
1266	4.2.57
1267	4.2.58
1269	4.2.59
1270	4.2.60
1271	4.2.61
1272	4.2.62
1273	4.2.63
1274	4.2.64
1277	4.2.65
1278	4.2.66
1279	4.2.67
1280	4.2.68
1281	4.2.69
1282	4.2.70
1283	4.2.71
1284	4.2.72
1285	4.2.73
1286	4.2.74
1287	4.2.75
1288	4.2.76
1289	4.2.77
1290	4.2.78
1291	4.2.79
1292	4.2.80
1293	4.2.81
1301	4.2.82
1302	4.2.83
1303	4.2.84
1304	4.2.85
1305	4.2.86
1306	4.2.87
1307	4.2.88
1308	4.2.89
1309	4.2.90
1310	4.2.91
1312	4.2.92
1313	4.2.93
1314	4.2.94
1315	4.2.95
1316	4.2.96
1317	4.2.97
1318	4.2.98
1319	4.2.99
1320	4.2.100
1321	4.2.101
1322	4.2.102
1323	4.2.103
1324	4.2.104
1326	4.2.105
1327	4.2.106
1328	4.2.107
1329	4.2.108
1330	4.2.109
1331	4.2.110
1332	4.2.111
1333	4.2.112
1334	4.2.113
1337	4.2.114
1339	4.2.115
1340	4.2.116
1341	4.2.117
1342	4.2.118
1343	4.2.119
1344	4.2.120
1345	4.2.121
1346	4.2.122
1347	4.2.123
1348	4.2.124
1349	4.2.125
1350	4.2.126
1351	4.2.127
1352	4.2.128
1353	4.2.129
1354	4.2.130
1355	4.2.131
1356	4.2.132
1357	4.2.133
1358	4.2.134
1359	4.2.135
1360	4.2.136
1361	4.2.137
1362	4.2.138
1363	4.2.139
1364	4.2.140
1365	4.2.141
1366	4.2.142
1367	4.2.143
1368	4.2.144
1369	4.2.145
1370	4.3.1
1371	4.3.2
1372	4.3.3
1374	4.3.4
1375	4.3.5
1376	4.3.6
1377	4.3.7
1378	4.3.8
1379	4.3.9
1380	4.3.10
1381	4.3.11
1382	4.3.12
1383	4.3.13
1384	4.3.14
1385	4.3.15
1387	4.3.16
1388	4.3.17
1389	4.3.18
3450	4.3.19
3451	4.3.20
3452	4.3.21
1390	4.3.22
1391	4.3.23
1392	4.3.24
1393	4.3.25
1394	4.3.26
1395	4.3.27
1401	4.3.28
1402	4.3.29
1403	4.3.30
1404	4.3.31
1405	4.3.32
1406	4.3.33
1407	4.3.34
1410	4.3.35
1411	4.3.36
1412	4.3.37
1413	4.3.38
1414	4.3.39
1415	4.3.40
1416	4.3.41
1417	4.3.42
1418	4.3.43
1419	4.3.44
1420	4.3.45
1421	4.3.46
1422	4.3.47
1423	4.3.48
1424	4.3.49
1425	4.3.50
1426	4.3.51
1427	4.3.52
1428	4.3.53
1429	4.3.54
1430	4.3.55
1433	4.3.56
1434	4.3.57
1435	4.3.58
1436	4.3.59
1437	4.3.60
1440	4.3.61
1441	4.3.62
1442	4.3.63
1443	4.3.64
1444	4.3.65
1445	4.3.66
1446	4.3.67
1447	4.3.68
1448	4.3.69
1449	4.3.70
1450	4.3.71
1451	4.3.72
1452	4.3.73
1453	4.3.74
1454	4.3.75
1455	4.3.76
1456	4.3.77
1457	4.3.78
1458	4.3.79
1459	4.3.80
1461	4.3.81
1462	4.3.82
1463	4.3.83
1464	4.3.84
1465	4.3.85
1466	4.3.86
1467	4.3.87
1468	4.3.88
1469	4.3.89
1470	4.3.90
1471	4.3.91
1472	4.3.92
1473	4.3.93
1474	4.3.94
1475	4.3.95
1476	4.3.96
1477	4.3.97
1478	4.3.98
1479	4.3.99
1480	4.3.100
1481	4.3.101
1482	4.3.102
1483	4.3.103
1484	4.3.104
1485	4.3.105
1486	4.3.106
1487	4.3.107
1488	4.3.108
1489	4.3.109
1490	4.3.110
1491	4.3.111
1492	4.3.112
1493	4.3.113
1494	4.3.114
1495	4.3.115
1496	4.3.116
1497	4.3.117
1498	4.3.118
1499	4.3.119
1500	4.3.120
1501	4.3.121
1502	4.3.122
1503	4.3.123
1504	4.3.124
1505	4.3.125
1506	4.3.126
1507	4.3.127
1508	4.3.128
1509	4.3.129
1510	4.3.130
1511	4.3.131
1512	4.3.132
1513	4.3.133
1514	4.3.134
1515	4.3.135
1516	4.3.136
1517	4.3.137
1518	4.3.138
1519	4.3.139
1520	4.3.140
1521	4.3.141
1522	4.3.142
1523	4.3.143
1524	4.3.144
1525	4.3.145
1526	4.3.146
1527	4.3.147
1528	4.3.148
1529	4.3.149
3453	4.3.150
3454	4.3.151
1530	4.3.152
1531	4.3.153
1532	4.3.154
1533	4.3.155
1534	4.3.156
1535	4.3.157
1536	4.3.158
1537	4.3.159
1538	4.3.160
1539	4.3.161
1540	4.3.162
1541	4.3.163
1542	4.3.164
1544	4.3.165
1545	4.3.166
1546	4.3.167
1547	4.3.168
1548	4.4.1
1550	4.4.2
1551	4.4.3
1552	4.4.4
1553	4.4.5
1554	4.4.6
1555	4.4.7
1556	4.4.8
1557	4.4.9
1558	4.4.10
1559	4.4.11
1562	4.4.12
1563	4.4.13
1564	4.4.14
1565	4.4.15
1566	4.4.16
1567	4.4.17
1568	4.4.18
1569	4.4.19
1570	4.4.20
1571	4.4.21
1572	4.4.22
1573	4.4.23
1574	4.4.24
1575	4.4.25
1576	4.4.26
1577	4.4.27
1578	4.4.28
1579	4.4.29
1580	4.4.30
1581	4.4.31
1582	4.4.32
1583	4.4.33
1584	4.4.34
1585	4.4.35
1586	4.4.36
1587	4.4.37
1588	4.4.38
1589	4.4.39
1590	4.4.40
1591	4.4.41
1592	4.4.42
1593	4.4.43
1594	4.4.44
1595	4.4.45
1596	4.4.46
1597	4.4.47
1598	4.4.48
1599	4.4.49
1600	4.4.50
1601	4.4.51
1602	4.4.52
1603	4.4.53
1604	4.4.54
1605	4.4.55
1606	4.4.56
1607	4.4.57
1608	4.4.58
1609	4.4.59
1610	4.4.60
1611	4.4.61
1612	4.4.62
1614	4.4.63
1615	4.4.64
1616	4.4.65
1617	4.4.66
1618	4.4.67
1619	4.4.68
1620	4.4.69
1621	4.4.70
1622	4.4.71
1623	4.4.72
1624	4.4.73
1625	4.4.74
1626	4.4.75
1627	4.4.76
1628	4.4.77
1630	4.4.78
1631	4.4.79
1632	4.4.80
1633	4.4.81
1634	4.4.82
1635	4.4.83
1636	4.4.84
1637	4.4.85
1638	4.4.86
1639	4.4.87
1640	4.4.88
1641	4.4.89
1642	4.4.90
1643	4.4.91
1644	4.4.92
1645	4.4.93
1646	4.4.94
1647	4.4.95
1648	4.4.96
1649	4.4.97
1650	4.4.98
1651	4.4.99
1652	4.4.100
1653	4.4.101
1654	4.4.102
1655	4.4.103
1656	4.4.104
1657	4.4.105
3455	4.4.106
1658	4.4.107
1659	4.4.108
1660	4.4.109
3456	4.4.110
3457	4.4.111
3458	4.4.112
3459	4.4.113
3460	4.4.114
3461	4.4.115
3462	4.4.116
3463	4.4.117
3464	4.4.118
3465	4.4.119
3466	4.4.120
3467	4.4.121
3468	4.4.122
3469	4.4.123
3470	4.4.124
3471	4.4.125
3472	4.4.126
3473	4.4.127
3474	4.4.128
3475	4.4.129
3476	4.4.130
3477	4.4.131
3478	4.4.132
3479	4.4.133
3480	4.4.134
3481	4.4.135
3482	4.4.136
3483	4.4.137
3484	4.4.138
3485	4.4.139
3486	4.4.140
3487	4.4.141
3488	4.4.142
3489	4.4.143
3490	4.4.144
1661	5.1.1
1662	5.1.2
1663	5.1.3
1664	5.1.4
1665	5.1.5
1666	5.1.6
1668	5.1.7
1669	5.1.8
1670	5.1.9
1672	5.1.10
1673	5.1.11
1674	5.1.12
1675	5.1.13
1676	5.1.14
1677	5.1.15
1678	5.1.16
1679	5.1.17
1680	5.1.18
1681	5.1.19
1682	5.1.20
1686	5.1.21
1687	5.1.22
1688	5.1.23
1689	5.1.24
1690	5.1.25
1691	5.1.26
1692	5.1.27
1693	5.1.28
1694	5.1.29
1695	5.1.30
1696	5.1.31
1697	5.1.32
1698	5.1.33
1699	5.1.34
1700	5.1.35
1701	5.1.36
1702	5.1.37
1704	5.1.38
1705	5.1.39
1706	5.1.40
1707	5.1.41
1708	5.1.42
1709	5.1.43
1710	5.1.44
1711	5.1.45
1712	5.1.46
1713	5.1.47
1714	5.1.48
1715	5.1.49
1716	5.1.50
1717	5.1.51
1718	5.1.52
1719	5.1.53
1720	5.1.54
1721	5.1.55
1722	5.1.56
1723	5.1.57
1724	5.1.58
1725	5.1.59
1726	5.1.60
3491	5.1.61
1727	5.1.62
1728	5.1.63
1729	5.1.64
1730	5.1.65
1731	5.1.66
3492	5.1.67
1732	5.1.68
1733	5.1.69
1734	5.1.70
1735	5.1.71
1736	5.1.72
1737	5.1.73
1738	5.1.74
1739	5.1.75
1740	5.1.76
1741	5.1.77
1742	5.1.78
1743	5.1.79
1744	5.1.80
1745	5.1.81
1746	5.1.82
1747	5.1.83
1748	5.1.84
1749	5.1.85
1750	5.1.86
1751	5.1.87
1753	5.1.88
1755	5.1.89
1756	5.1.90
3493	5.1.91
3494	5.1.92
1757	5.1.93
1758	5.1.94
1759	5.1.95
1760	5.1.96
1761	5.1.97
1762	5.1.98
1763	5.1.99
1764	5.1.100
1765	5.1.101
1766	5.1.102
1767	5.1.103
1768	5.1.104
1769	5.1.105
3495	5.1.106
1770	5.1.107
1771	5.1.108
1772	5.1.109
1773	5.1.110
1774	5.1.111
1775	5.1.112
1776	5.1.113
1777	5.1.114
1778	5.1.115
1779	5.1.116
1780	5.1.117
3496	5.1.118
1781	5.1.119
1782	5.1.120
1783	5.1.121
1784	5.1.122
1787	5.1.123
1788	5.1.124
1790	5.1.125
1791	5.1.126
1792	5.1.127
1793	5.1.128
1794	5.1.129
1795	5.1.130
1796	5.1.131
1797	5.1.132
1798	5.1.133
1799	5.1.134
1800	5.1.135
1801	5.1.136
1802	5.2.1
1803	5.2.2
1804	5.2.3
1805	5.2.4
1806	5.2.5
1807	5.2.6
1808	5.2.7
1809	5.2.8
1810	5.2.9
1811	5.2.10
1812	5.2.11
1813	5.2.12
1814	5.2.13
1815	5.2.14
1816	5.2.15
1817	5.2.16
1818	5.2.17
1819	5.2.18
1820	5.2.19
1821	5.2.20
1822	5.2.21
1823	5.2.22
1824	5.2.23
1825	5.2.24
1826	5.2.25
1827	5.2.26
1828	5.2.27
1829	5.2.28
1830	5.2.29
1831	5.2.30
1832	5.2.31
1833	5.2.32
1834	5.2.33
1835	5.2.34
1836	5.2.35
1837	5.2.36
1838	5.2.37
1839	5.2.38
1840	5.2.39
1841	5.2.40
1842	5.2.41
1843	5.2.42
1844	5.2.43
1845	5.2.44
1846	5.2.45
1847	5.2.46
1848	5.2.47
1849	5.2.48
1850	5.2.49
3497	5.2.50
1851	5.2.51
1852	5.2.52
1853	5.2.53
1854	5.2.54
1855	5.2.55
1856	5.2.56
1857	5.2.57
1858	5.2.58
1859	5.2.59
1860	5.2.60
1861	5.2.61
1862	5.2.62
1863	5.2.63
1864	5.2.64
1865	5.2.65
1866	5.2.66
1867	5.2.67
1868	5.2.68
1869	5.2.69
1870	5.2.70
1871	5.2.71
1872	5.2.72
1873	5.2.73
1874	5.2.74
1875	5.2.75
1876	5.2.76
1877	5.2.77
1878	5.2.78
1879	5.2.79
1880	5.2.80
1881	5.2.81
1882	5.2.82
1883	5.2.83
1884	5.2.84
1885	5.2.85
1886	5.2.86
1887	5.2.87
1888	5.2.88
1889	5.2.89
1890	5.2.90
1891	5.2.91
1892	5.2.92
1893	5.2.93
1894	5.2.94
1895	5.2.95
1903	5.2.96
1904	5.2.97
1905	5.2.98
1906	5.2.99
1907	5.2.100
1908	5.2.101
1909	5.2.102
1910	5.2.103
1911	5.2.104
1912	5.2.105
1913	5.2.106
1914	5.2.107
1915	5.2.108
1916	5.2.109
1917	5.2.110
1918	5.2.111
1919	5.2.112
1920	5.2.113
1921	5.2.114
1922	5.2.115
1923	5.2.116
1924	5.2.117
1925	5.2.118
1926	5.2.119
1927	5.2.120
1928	5.2.121
3498	5.2.122
1929	5.2.123
1930	5.2.124
1931	5.2.125
1932	5.2.126
1933	5.2.127
1934	5.2.128
1935	5.2.129
1936	5.2.130
1937	5.2.131
1938	5.2.132
1939	5.2.133
1940	5.2.134
1941	5.2.135
1942	5.2.136
1943	5.2.137
1944	5.2.138
1945	5.2.139
1946	5.2.140
1947	5.3.1
1948	5.3.2
1949	5.3.3
1950	5.3.4
1951	5.3.5
1952	5.3.6
1953	5.3.7
1955	5.3.8
1956	5.3.9
1957	5.3.10
1958	5.3.11
1959	5.3.12
1961	5.3.13
1963	5.3.14
1964	5.3.15
1965	5.3.16
1966	5.3.17
1967	5.3.18
1968	5.3.19
3499	5.3.20
1969	5.3.21
1970	5.3.22
1971	5.3.23
1972	5.3.24
1973	5.3.25
3500	5.3.26
1974	5.3.27
1978	5.3.28
1979	5.3.29
1980	5.3.30
1981	5.3.31
1982	5.3.32
3501	5.3.33
1983	5.3.34
1984	5.3.35
1985	5.3.36
1986	5.3.37
1987	5.3.38
1975	5.3.39
1976	5.3.40
1977	5.3.41
1988	5.3.42
1989	5.3.43
1990	5.3.44
1991	5.3.45
1992	5.3.46
1993	5.3.47
1994	5.3.48
1995	5.3.49
1996	5.3.50
1997	5.3.51
1998	5.3.52
1999	5.3.53
2000	5.3.54
2001	5.3.55
2002	5.3.56
2005	5.3.57
2006	5.3.58
2007	5.3.59
2009	5.3.60
2011	5.3.61
2013	5.3.62
2014	5.3.63
2019	5.3.64
2020	5.3.65
2021	5.3.66
2022	5.3.67
2023	5.3.68
2024	5.3.69
2025	5.3.70
2026	5.3.71
2027	5.3.72
2028	5.3.73
2029	5.3.74
2030	5.3.75
2031	5.3.76
2032	5.3.77
2033	5.3.78
2034	5.3.79
2036	5.3.80
2037	5.3.81
2039	5.3.82
2035	5.3.83
2038	5.3.84
2040	5.3.85
2041	5.3.86
2042	5.3.87
2043	5.3.88
2044	5.3.89
2045	5.3.90
2046	5.3.91
2047	5.3.92
2048	5.3.93
2049	5.3.94
2050	5.3.95
2051	5.3.96
2052	5.3.97
2053	5.3.98
2054	5.3.99
2055	5.3.100
2056	5.3.101
2057	5.3.102
2058	5.3.103
2059	5.3.104
2060	5.3.105
2061	5.3.106
2062	5.3.107
2063	5.3.108
2064	5.3.109
2065	5.3.110
3502	5.3.111
2066	5.3.112
1100	5.3.113
2067	5.3.114
2068	5.3.115
2069	5.3.116
2070	5.3.117
2071	5.3.118
2072	5.3.119
2073	5.4.1
2074	5.4.2
2075	5.4.3
2076	5.4.4
2077	5.4.5
2078	5.4.6
2079	5.4.7
2080	5.4.8
2081	5.4.9
2082	5.4.10
2004	5.4.11
3503	5.4.12
2083	5.4.13
3216	5.4.14
3219	5.4.15
2084	5.4.16
2085	5.4.17
2086	5.4.18
2087	5.4.19
2088	5.4.20
2089	5.4.21
2090	5.4.22
2091	5.4.23
2092	5.4.24
2093	5.4.25
2094	5.4.26
2095	5.4.27
2096	5.4.28
2097	5.4.29
2098	5.4.30
2099	5.4.31
2100	5.4.32
2101	5.4.33
2102	5.4.34
2103	5.4.35
2104	5.4.36
2105	5.4.37
2106	5.4.38
2107	5.4.39
2108	5.4.40
3504	5.4.41
2109	5.4.42
2110	5.4.43
2111	5.4.44
2112	5.4.45
2113	5.4.46
2114	5.4.47
2115	5.4.48
2116	5.4.49
2117	5.4.50
2121	5.4.51
2122	5.4.52
2124	5.4.53
2125	5.4.54
2126	5.4.55
2127	5.4.56
2128	5.4.57
2129	5.4.58
2130	5.4.59
2131	5.4.60
2132	5.4.61
2133	5.4.62
2134	5.4.63
2135	5.4.64
2136	5.4.65
2137	5.4.66
2138	5.4.67
676	5.4.68
954	5.4.69
955	5.4.70
956	5.4.71
957	5.4.72
851	5.4.73
940	5.4.74
943	5.4.75
944	5.4.76
945	5.4.77
946	5.4.78
947	5.4.79
948	5.4.80
949	5.4.81
950	5.4.82
951	5.4.83
952	5.4.84
953	5.4.85
786	5.4.86
787	5.4.87
790	5.4.88
793	5.4.89
794	5.4.90
788	5.4.91
729	5.4.92
795	5.4.93
796	5.4.94
797	5.4.95
798	5.4.96
799	5.4.97
800	5.4.98
801	5.4.99
802	5.4.100
803	5.4.101
804	5.4.102
3505	5.4.103
805	5.4.104
806	5.4.105
930	5.4.106
677	5.4.107
678	5.4.108
680	5.4.109
681	5.4.110
682	5.4.111
683	5.4.112
852	5.4.113
853	5.4.114
854	5.4.115
832	5.4.116
855	5.4.117
856	5.4.118
858	5.4.119
860	5.4.120
861	5.4.121
862	5.4.122
3506	5.4.123
863	5.4.124
864	5.4.125
865	5.4.126
866	5.4.127
867	5.4.128
868	5.4.129
869	5.4.130
483	5.4.131
870	5.4.132
871	5.4.133
872	5.4.134
874	5.4.135
875	5.4.136
876	5.4.137
877	5.4.138
878	5.4.139
879	5.4.140
880	5.4.141
3507	5.4.142
881	5.4.143
882	5.4.144
883	5.4.145
884	5.4.146
885	5.4.147
886	5.4.148
887	5.4.149
888	5.4.150
889	5.4.151
890	5.4.152
833	5.4.153
891	5.4.154
893	5.4.155
894	5.4.156
895	5.4.157
3508	5.4.158
896	5.4.159
897	5.4.160
2175	6.1.1
2176	6.1.2
2446	6.1.3
2178	6.1.4
426	6.1.5
428	6.1.6
3509	6.1.7
2177	6.1.8
2395	6.1.9
2490	6.1.10
2315	6.1.11
3629	6.1.12
1003	6.1.13
1004	6.1.14
2409	6.1.15
2412	6.1.16
2408	6.1.17
2584	6.1.18
2645	6.1.19
2646	6.1.20
2647	6.1.21
3044	6.1.22
3033	6.1.23
3020	6.1.24
3022	6.1.25
3023	6.1.26
3067	6.1.27
3072	6.1.28
2327	6.1.29
2420	6.1.30
2601	6.1.31
2586	6.1.32
2417	6.1.33
3510	6.1.34
3511	6.1.35
3512	6.1.36
363	6.1.37
2413	6.1.38
2414	6.1.39
2415	6.1.40
3339	6.1.41
3340	6.1.42
3341	6.1.43
3342	6.1.44
2370	6.1.45
2416	6.1.46
3185	6.1.47
2600	6.1.48
2602	6.1.49
2508	6.1.50
2509	6.1.51
3513	6.1.52
3375	6.1.53
2569	6.1.54
2603	6.1.55
2593	6.1.56
2569	6.1.57
2405	6.1.58
2402	6.1.59
3514	6.1.60
1667	6.1.61
	6.1.62
228	6.1.63
2264	6.1.64
2268	6.1.65
873	6.1.66
375	6.1.67
252	6.1.68
193	6.1.69
3516	6.1.70
2858	6.1.71
145	6.1.72
146	6.1.73
147	6.1.74
148	6.1.75
149	6.1.76
47	6.1.77
61	6.1.78
63	6.1.79
64	6.1.80
65	6.1.81
66	6.1.82
3517	6.1.83
68	6.1.84
75	6.1.85
3333	6.1.86
69	6.1.87
72	6.1.88
73	6.1.89
269	6.1.90
74	6.1.91
77	6.1.92
285	6.1.93
78	6.1.94
80	6.1.95
2214	6.1.96
191	6.1.97
81	6.1.98
82	6.1.99
	6.1.100
85	6.1.101
164	6.1.102
196	6.1.103
165	6.1.104
239	6.1.105
3515	6.1.106
194	6.1.107
330	6.1.108
86	6.1.109
246	6.1.110
279	6.1.111
255	6.1.112
163	6.1.113
166	6.1.114
3518	6.1.115
3519	6.1.116
3520	6.1.117
3521	6.1.118
3522	6.1.119
3523	6.1.120
3524	6.1.121
87	6.1.122
88	6.1.123
89	6.1.124
90	6.1.125
3525	6.1.126
91	6.1.127
92	6.1.128
98	6.1.129
99	6.1.130
337	6.1.131
176	6.1.132
3526	6.1.133
177	6.1.134
2553	6.1.135
2539	6.1.136
2550	6.1.137
2551	6.1.138
2552	6.1.139
2539	6.1.140
2540	6.1.141
2688	6.1.142
1058	6.1.143
1059	6.1.144
1060	6.1.145
1061	6.1.146
1062	6.1.147
1063	6.1.148
1064	6.1.149
1065	6.1.150
3527	6.1.151
1066	6.1.152
1067	6.1.153
1068	6.1.154
1069	6.1.155
1070	6.1.156
1071	6.1.157
3650	6.1.158
3680	6.1.159
3681	6.1.160
3651	6.1.161
3671	6.1.162
3710	6.1.163
3711	6.1.164
3712	6.1.165
3713	6.1.166
3682	6.1.167
3714	6.1.168
3715	6.1.169
3716	6.1.170
3717	6.1.171
3718	6.1.172
3719	6.1.173
3720	6.1.174
3721	6.1.175
3722	6.1.176
3723	6.1.177
3724	6.1.178
3725	6.1.179
3683	6.1.180
3684	6.1.181
3726	6.1.182
3727	6.1.183
3728	6.1.184
3729	6.1.185
3730	6.1.186
3731	6.1.187
3672	6.1.188
3673	6.1.189
3674	6.1.190
3685	6.1.191
3675	6.1.192
3676	6.1.193
3677	6.1.194
3678	6.1.195
3732	6.1.196
3686	6.1.197
3653	6.1.198
3687	6.1.199
3688	6.1.200
3689	6.1.201
3690	6.1.202
3691	6.1.203
3692	6.1.204
3693	6.1.205
3694	6.1.206
3695	6.1.207
3696	6.1.208
3697	6.1.209
3698	6.1.210
3699	6.1.211
3700	6.1.212
3701	6.1.213
3702	6.1.214
3703	6.1.215
3704	6.1.216
3733	6.1.217
3679	6.1.218
3705	6.1.219
3706	6.1.220
3707	6.1.221
3652	6.1.222
3734	6.1.223
3735	6.2.1
3736	6.2.2
3737	6.2.3
3738	6.2.4
3739	6.2.5
3740	6.2.6
3741	6.2.7
3742	6.2.8
3743	6.2.9
3744	6.2.10
3745	6.2.11
3746	6.2.12
3747	6.2.13
3748	6.2.14
3749	6.2.15
3750	6.2.16
3751	6.2.17
3752	6.2.18
3753	6.2.19
3754	6.2.20
3755	6.2.21
3756	6.2.22
3757	6.2.23
3758	6.2.24
3759	6.2.25
3760	6.2.26
3761	6.2.27
3762	6.2.28
3763	6.2.29
3764	6.2.30
3765	6.2.31
3766	6.2.32
3767	6.2.33
3768	6.2.34
3769	6.2.35
3770	6.2.36
3771	6.2.37
3772	6.2.38
3773	6.2.39
3774	6.2.40
3775	6.2.41
3776	6.2.42
3777	6.2.43
3778	6.2.44
3779	6.2.45
3780	6.2.46
3781	6.2.47
3782	6.2.48
3783	6.2.49
3784	6.2.50
3785	6.2.51
3786	6.2.52
3787	6.2.53
3788	6.2.54
3789	6.2.55
3790	6.2.56
3791	6.2.57
3792	6.2.58
3793	6.2.59
3794	6.2.60
3795	6.2.61
3796	6.2.62
3797	6.2.63
3798	6.2.64
3799	6.2.65
3800	6.2.66
3801	6.2.67
3802	6.2.68
3803	6.2.69
3804	6.2.70
3805	6.2.71
3806	6.2.72
3807	6.2.73
3808	6.2.74
3809	6.2.75
3810	6.2.76
3811	6.2.77
3812	6.2.78
3813	6.2.79
3814	6.2.80
3815	6.2.81
3816	6.2.82
3817	6.2.83
3818	6.2.84
3819	6.2.85
3820	6.2.86
3821	6.2.87
3822	6.2.88
3823	6.2.89
3824	6.2.90
3825	6.2.91
3826	6.2.92
3827	6.2.93
3828	6.2.94
3829	6.2.95
3830	6.2.96
3831	6.2.97
3832	6.2.98
3833	6.2.99
3834	6.2.100
3835	6.2.101
3836	6.2.102
3837	6.2.103
3838	6.2.104
3839	6.2.105
3840	6.2.106
3841	6.2.107
3842	6.2.108
3843	6.2.109
3844	6.2.110
3845	6.2.111
3846	6.2.112
3847	6.2.113
3848	6.2.114
3849	6.2.115
3850	6.2.116
3851	6.2.117
3852	6.2.118
3853	6.2.119
3854	6.2.120
3855	6.2.121
3856	6.2.122
3857	6.2.123
3858	6.2.124
3859	6.2.125
3860	6.2.126
3861	6.2.127
3862	6.2.128
3863	6.2.129
3864	6.2.130
3865	6.2.131
3866	6.2.132
3867	6.2.133
3868	6.2.134
3869	6.2.135
3870	6.2.136
3871	6.2.137
3872	6.2.138
3873	6.2.139
3874	6.2.140
3875	6.2.141
3876	6.2.142
3877	6.2.143
3878	6.2.144
3879	6.2.145
3880	6.2.146
3881	6.2.147
3882	6.2.148
3883	6.2.149
3884	6.2.150
3885	6.2.151
3886	6.2.152
3887	6.2.153
3888	6.2.154
3889	6.2.155
3890	6.2.156
3891	6.2.157
3892	6.2.158
3893	6.2.159
3894	6.2.160
3895	6.2.161
3896	6.2.162
3897	6.2.163
3898	6.2.164
3899	6.2.165
3900	6.2.166
3901	6.2.167
3902	6.2.168
3903	6.2.169
3904	6.2.170
3905	6.2.171
3906	6.2.172
3907	6.2.173
3908	6.2.174
3909	6.2.175
3910	6.2.176
3911	6.2.177
3912	6.2.178
3913	6.2.179
3914	6.2.180
3915	6.2.181
3916	6.2.182
3917	6.2.183
3918	6.2.184
3919	6.2.185
3920	6.2.186
3921	6.2.187
3922	6.2.188
3923	6.2.189
3924	6.2.190
3925	6.2.191
3926	6.2.192
3927	6.2.193
3928	6.2.194
3929	6.2.195
3930	6.2.196
3931	6.2.197
3932	6.2.198
3933	6.2.199
958	6.3.1
959	6.3.2
960	6.3.3
961	6.3.4
962	6.3.5
963	6.3.6
964	6.3.7
965	6.3.8
966	6.3.9
968	6.3.10
969	6.3.11
970	6.3.12
971	6.3.13
972	6.3.14
973	6.3.15
974	6.3.16
975	6.3.17
976	6.3.18
977	6.3.19
978	6.3.20
979	6.3.21
980	6.3.22
981	6.3.23
982	6.3.24
921	6.3.25
922	6.3.26
923	6.3.27
925	6.3.28
926	6.3.29
927	6.3.30
928	6.3.31
929	6.3.32
3528	6.3.33
831	6.3.34
836	6.3.35
837	6.3.36
838	6.3.37
839	6.3.38
840	6.3.39
841	6.3.40
842	6.3.41
746	6.3.42
985	6.3.43
986	6.3.44
987	6.3.45
807	6.3.46
808	6.3.47
809	6.3.48
810	6.3.49
988	6.3.50
989	6.3.51
990	6.3.52
991	6.3.53
992	6.3.54
993	6.3.55
994	6.3.56
995	6.3.57
996	6.3.58
997	6.3.59
998	6.3.60
999	6.3.61
1000	6.3.62
1001	6.3.63
1002	6.3.64
1006	6.3.65
2943	6.3.66
2942	6.3.67
2994	6.3.68
2957	6.3.69
1007	6.3.70
1268	6.3.71
1008	6.3.72
757	6.3.73
758	6.3.74
759	6.3.75
811	6.3.76
760	6.3.77
1009	6.3.78
1010	6.3.79
1011	6.3.80
660	6.3.81
849	6.3.82
850	6.3.83
1012	6.3.84
1013	6.3.85
1014	6.3.86
1015	6.3.87
1016	6.3.88
1017	6.3.89
1018	6.3.90
430	6.3.91
418	6.3.92
421	6.3.93
423	6.3.94
422	6.3.95
3529	6.3.96
941	6.3.97
942	6.3.98
1025	6.3.99
1026	6.3.100
1027	6.3.101
1028	6.3.102
1029	6.3.103
1030	6.3.104
1031	6.3.105
1032	6.3.106
1033	6.3.107
3550	6.3.108
1034	6.3.109
238	6.3.110
174	6.3.111
2357	6.3.112
3531	6.3.113
1035	6.3.114
1036	6.3.115
1037	6.3.116
1038	6.3.117
1040	6.3.118
1041	6.3.119
1042	6.3.120
1043	6.3.121
1044	6.3.122
1045	6.3.123
3079	6.3.124
1046	6.3.125
3532	6.3.126
1047	6.3.127
379	6.3.128
1048	6.3.129
1049	6.3.130
3533	6.3.131
3534	6.3.132
3535	6.3.133
3536	6.3.134
3537	6.3.135
3538	6.3.136
3539	6.3.137
417	6.3.138
1004	6.3.139
200	6.4.1
2559	6.4.2
209	6.4.3
300	6.4.4
3540	6.4.5
283	6.4.6
370	6.4.7
250	6.4.8
3541	6.4.9
317	6.4.10
277	6.4.11
356	6.4.12
357	6.4.13
425	6.4.14
2666	6.4.15
2614	6.4.16
2622	6.4.17
2329	6.4.18
2561	6.4.19
2654	6.4.20
2655	6.4.21
2183	6.4.22
2544	6.4.23
415	6.4.24
2396	6.4.25
2397	6.4.26
3187	6.4.27
3188	6.4.28
3189	6.4.29
424	6.4.30
3321	6.4.31
3330	6.4.32
2764	6.4.33
2486	6.4.34
2487	6.4.35
2431	6.4.36
2428	6.4.37
3334	6.4.38
3314	6.4.39
2986	6.4.40
2982	6.4.41
2504	6.4.42
2319	6.4.43
2759	6.4.44
3315	6.4.45
3307	6.4.46
2535	6.4.47
2308	6.4.48
2631	6.4.49
2660	6.4.50
2313	6.4.51
3057	6.4.52
3542	6.4.53
3543	6.4.54
2311	6.4.55
3336	6.4.56
3337	6.4.57
3544	6.4.58
3338	6.4.59
3014	6.4.60
3081	6.4.61
2757	6.4.62
2507	6.4.63
2372	6.4.64
2843	6.4.65
2462	6.4.66
2374	6.4.67
2378	6.4.68
3335	6.4.69
3318	6.4.70
2206	6.4.71
2254	6.4.72
3545	6.4.73
2228	6.4.74
3546	6.4.75
3547	6.4.76
271	6.4.77
2290	6.4.78
301	6.4.79
302	6.4.80
3455	6.4.81
272	6.4.82
281	6.4.83
282	6.4.84
273	6.4.85
3548	6.4.86
2387	6.4.87
2174	6.4.88
2364	6.4.89
2604	6.4.90
2605	6.4.91
2568	6.4.92
2762	6.4.93
2955	6.4.94
3073	6.4.95
3297	6.4.96
2985	6.4.97
2363	6.4.98
3549	6.4.99
3550	6.4.100
2425	6.4.101
3551	6.4.102
3553	6.4.103
2329	6.4.104
2202	6.4.105
2334	6.4.106
2333	6.4.107
2548	6.4.108
2549	6.4.109
2467	6.4.110
2469	6.4.111
2483	6.4.112
2497	6.4.113
2482	6.4.114
2492	6.4.115
2498	6.4.116
2499	6.4.117
2500	6.4.118
2471	6.4.119
2260	6.4.120
2261	6.4.121
2301	6.4.122
2532	6.4.123
2356	6.4.124
2354	6.4.125
2263	6.4.126
364	6.4.127
360	6.4.128
233	6.4.129
414	6.4.130
435	6.4.131
329	6.4.132
362	6.4.133
234	6.4.134
1160	6.4.135
237	6.4.136
355	6.4.137
416	6.4.138
420	6.4.139
240	6.4.140
3554	6.4.141
844	6.4.142
316	6.4.143
679	6.4.144
789	6.4.145
847	6.4.146
1142	6.4.147
311	6.4.148
499	6.4.149
472	6.4.150
1082	6.4.151
2119	6.4.152
1311	6.4.153
2008	6.4.154
1786	6.4.155
2015	6.4.156
2016	6.4.157
2017	6.4.158
2018	6.4.159
2012	6.4.160
1785	6.4.161
3555	6.4.162
2010	6.4.163
1245	6.4.164
1275	6.4.165
1156	6.4.166
1155	6.4.167
1154	6.4.168
1671	6.4.169
1157	6.4.170
1158	6.4.171
1613	6.4.172
1159	6.4.173
1145	6.4.174
3556	6.4.175
1247	7.1.1
475	7.1.2
2169	7.1.3
2479	7.1.4
2258	7.1.5
2442	7.1.6
2701	7.1.7
3557	7.1.8
203	7.1.9
3558	7.1.10
349	7.1.11
201	7.1.12
204	7.1.13
215	7.1.14
216	7.1.15
221	7.1.16
214	7.1.17
287	7.1.18
310	7.1.19
312	7.1.20
372	7.1.21
261	7.1.22
319	7.1.23
309	7.1.24
315	7.1.25
3559	7.1.26
399	7.1.27
382	7.1.28
391	7.1.29
395	7.1.30
397	7.1.31
396	7.1.32
400	7.1.33
2371	7.1.34
2197	7.1.35
3105	7.1.36
3332	7.1.37
3560	7.1.38
3561	7.1.39
3562	7.1.40
3563	7.1.41
3564	7.1.42
3565	7.1.43
3566	7.1.44
3567	7.1.45
3568	7.1.46
3569	7.1.47
3570	7.1.48
3571	7.1.49
3572	7.1.50
2662	7.1.51
217	7.1.52
264	7.1.53
208	7.1.54
338	7.1.55
3573	7.1.56
3574	7.1.57
2262	7.1.58
2542	7.1.59
2517	7.1.60
2302	7.1.61
2516	7.1.62
2581	7.1.63
2582	7.1.64
2845	7.1.65
2846	7.1.66
3306	7.1.67
3307	7.1.68
2765	7.1.69
361	7.1.70
376	7.1.71
314	7.1.72
320	7.1.73
321	7.1.74
322	7.1.75
3575	7.1.76
3576	7.1.77
427	7.1.78
444	7.1.79
445	7.1.80
446	7.1.81
332	7.1.82
3577	7.1.83
336	7.1.84
365	7.1.85
366	7.1.86
367	7.1.87
368	7.1.88
436	7.1.89
284	7.1.90
2283	7.1.91
253	7.1.92
248	7.1.93
276	7.1.94
274	7.1.95
305	7.1.96
278	7.1.97
331	7.1.98
333	7.1.99
2390	7.1.100
2571	7.1.101
2494	7.1.102
3578	7.1.103
2297	7.2.1
2330	7.2.2
2267	7.2.3
2268	7.2.4
2299	7.2.5
2449	7.2.6
2284	7.2.7
2981	7.2.8
3163	7.2.9
2246	7.2.10
2381	7.2.11
2610	7.2.12
2293	7.2.13
3039	7.2.14
3025	7.2.15
3036	7.2.16
3054	7.2.17
3058	7.2.18
3059	7.2.19
3060	7.2.20
3061	7.2.21
3062	7.2.22
3063	7.2.23
3064	7.2.24
3065	7.2.25
3066	7.2.26
3068	7.2.27
3069	7.2.28
3070	7.2.29
3071	7.2.30
3579	7.2.31
3580	7.2.32
3581	7.2.33
3582	7.2.34
3584	7.2.35
2323	7.2.36
2562	7.2.37
2391	7.2.38
2529	7.2.39
2392	7.2.40
2625	7.2.41
2528	7.2.42
2526	7.2.43
2279	7.2.44
2515	7.2.45
2560	7.2.46
3045	7.2.47
2340	7.2.48
2618	7.2.49
3049	7.2.50
3050	7.2.51
3046	7.2.52
3047	7.2.53
3048	7.2.54
3327	7.2.55
3328	7.2.56
2506	7.2.57
2401	7.2.58
2348	7.2.59
2352	7.2.60
2294	7.2.61
2295	7.2.62
2296	7.2.63
2527	7.2.64
2404	7.2.65
2384	7.2.66
3096	7.2.67
3099	7.2.68
3583	7.2.69
2366	7.2.70
2546	7.2.71
2385	7.2.72
2377	7.2.73
2626	7.2.74
2611	7.2.75
2474	7.2.76
2439	7.2.77
2440	7.2.78
2211	7.2.79
2212	7.2.80
2235	7.2.81
3101	7.2.82
3104	7.2.83
371	7.2.84
286	7.2.85
393	7.2.86
390	7.2.87
387	7.2.88
392	7.2.89
385	7.2.90
383	7.2.91
386	7.2.92
388	7.2.93
384	7.2.94
394	7.2.95
398	7.2.96
389	7.2.97
1373	7.2.98
298	7.2.99
299	7.2.100
227	7.2.101
265	7.2.102
342	7.2.103
1954	7.2.104
1960	7.2.105
381	7.2.106
437	7.2.107
343	7.2.108
345	7.2.109
441	7.2.110
344	7.2.111
346	7.2.112
347	7.2.113
3473	7.2.114
254	7.2.115
2282	7.2.116
1075	7.2.117
1076	7.2.118
1439	7.3.1
1144	7.3.2
1098	7.3.3
1383	7.3.4
1543	7.3.5
3217	7.3.6
1549	7.3.7
1560	7.3.8
1561	7.3.9
1369	7.3.10
1379	7.3.11
1398	7.3.12
1399	7.3.13
1400	7.3.14
1752	7.3.15
1754	7.3.16
1683	7.3.17
1409	7.3.18
1133	7.3.19
1438	7.3.20
1239	7.3.21
1240	7.3.22
1241	7.3.23
1431	7.3.24
1432	7.3.25
1684	7.3.26
1685	7.3.27
1129	7.3.28
1130	7.3.29
140	7.3.30
1789	7.3.31
2574	7.3.32
2761	7.3.33
2763	7.3.34
2512	7.3.35
2570	7.3.36
2585	7.3.37
2590	7.3.38
2591	7.3.39
2595	7.3.40
2597	7.3.41
2598	7.3.42
2599	7.3.43
463	7.3.44
464	7.3.45
465	7.3.46
466	7.3.47
467	7.3.48
468	7.3.49
1170	7.3.50
1221	7.3.51
2863	7.3.52
2864	7.3.53
358	7.3.54
2430	7.3.55
2531	7.3.56
2331	7.3.57
2525	7.3.58
2875	7.3.59
2876	7.3.60
2877	7.3.61
2878	7.3.62
2879	7.3.63
2880	7.3.64
2881	7.3.65
2882	7.3.66
2883	7.3.67
2884	7.3.68
2885	7.3.69
3584	7.3.70
2510	7.3.71
2337	7.3.72
2365	7.3.73
2519	7.3.74
2320	7.3.75
2322	7.3.76
2400	7.3.77
2360	7.3.78
2511	7.3.79
2558	7.3.80
3585	7.3.81
2343	7.3.82
2481	7.3.83
2168	7.3.84
2480	7.3.85
2181	7.3.86
2503	7.3.87
2224	7.3.88
2443	7.3.89
2445	7.3.90
2448	7.3.91
2545	7.3.92
2452	7.3.93
2651	7.3.94
2444	7.3.95
2225	7.3.96
3586	7.3.97
2475	7.3.98
2476	7.3.99
2426	7.3.100
2170	7.3.101
202	7.3.102
205	7.3.103
207	7.3.104
289	7.3.105
288	7.3.106
267	7.3.107
242	7.3.108
241	7.3.109
275	7.3.110
245	7.3.111
268	7.3.112
290	7.3.113
291	7.3.114
293	7.3.115
270	7.3.116
297	7.3.117
256	7.3.118
247	7.3.119
244	7.3.120
2314	7.4.1
2572	7.4.2
2565	7.4.3
2587	7.4.4
2588	7.4.5
2589	7.4.6
2567	7.4.7
3587	7.4.8
2388	7.4.9
2389	7.4.10
2383	7.4.11
2495	7.4.12
834	7.4.13
835	7.4.14
892	7.4.15
2406	7.4.16
2520	7.4.17
2421	7.4.18
2355	7.4.19
2454	7.4.20
2441	7.4.21
2649	7.4.22
2702	7.4.23
2457	7.4.24
2298	7.4.25
2120	7.4.26
1234	7.4.27
2367	7.4.28
2380	7.4.29
2633	7.4.30
2648	7.4.31
2118	7.4.32
2658	7.4.33
2661	7.4.34
3588	7.4.35
3589	7.4.36
3590	7.4.37
3591	7.4.38
3592	7.4.39
3074	7.4.40
3075	7.4.41
3076	7.4.42
3331	7.4.43
3593	7.4.44
3594	7.4.45
3077	7.4.46
3078	7.4.47
442	7.4.48
2342	7.4.49
2191	7.4.50
2192	7.4.51
2250	7.4.52
2488	7.4.53
2623	7.4.54
2619	7.4.55
2621	7.4.56
2624	7.4.57
2620	7.4.58
2180	7.4.59
2179	7.4.60
2259	7.4.61
2245	7.4.62
2641	7.4.63
3595	7.4.64
3596	7.4.65
2244	7.4.66
2344	7.4.67
2353	7.4.68
2456	7.4.69
2248	7.4.70
2288	7.4.71
2533	7.4.72
2181	7.4.73
3597	7.4.74
3502	7.4.75
3496	7.4.76
3493	7.4.77
3598	7.4.78
2317	7.4.79
2577	7.4.80
2578	7.4.81
2630	7.4.82
2632	7.4.83
2642	7.4.84
2643	7.4.85
2638	7.4.86
2636	7.4.87
2637	7.4.88
3037	7.4.89
2344	7.4.90
2652	7.4.91
2653	7.4.92
2316	7.4.93
2318	7.4.94
2566	7.4.95
2583	7.4.96
2573	7.4.97
2139	8.1.1
83	8.1.2
3670	8.1.3
2140	8.1.4
2141	8.1.5
3599	8.1.6
2142	8.1.7
2143	8.1.8
2144	8.1.9
2145	8.1.10
2146	8.1.11
2147	8.1.12
2148	8.1.13
2149	8.1.14
2150	8.1.15
401	8.1.16
402	8.1.17
403	8.1.18
3654	8.1.19
404	8.1.20
405	8.1.21
406	8.1.22
407	8.1.23
408	8.1.24
409	8.1.25
410	8.1.26
3934	8.1.27
3935	8.1.28
3936	8.1.29
3937	8.1.30
3938	8.1.31
3939	8.1.32
3940	8.1.33
3941	8.1.34
3942	8.1.35
3943	8.1.36
3944	8.1.37
3945	8.1.38
3946	8.1.39
3947	8.1.40
3948	8.1.41
3949	8.1.42
3950	8.1.43
3951	8.1.44
3952	8.1.45
3953	8.1.46
3954	8.1.47
3955	8.1.48
3956	8.1.49
3957	8.1.50
3958	8.1.51
3959	8.1.52
3960	8.1.53
3961	8.1.54
3962	8.1.55
3963	8.1.56
3964	8.1.57
3965	8.1.58
3966	8.1.59
3967	8.1.60
3968	8.1.61
3969	8.1.62
3970	8.1.63
3971	8.1.64
3972	8.1.65
3973	8.1.66
3974	8.1.67
3975	8.1.68
3976	8.1.69
3977	8.1.70
3978	8.1.71
412	8.1.72
413	8.1.73
3655	8.1.74
12	8.2.1
353	8.2.2
439	8.2.3
3657	8.2.4
3658	8.2.5
3659	8.2.6
236	8.2.7
352	8.2.8
1897	8.2.9
1898	8.2.10
1899	8.2.11
1900	8.2.12
1901	8.2.13
1902	8.2.14
3600	8.2.15
3601	8.2.16
3602	8.2.17
2350	8.2.18
2326	8.2.19
2639	8.2.20
2541	8.2.21
3262	8.2.22
54	8.2.23
280	8.2.24
2249	8.2.25
2281	8.2.26
2369	8.2.27
2266	8.2.28
380	8.2.29
378	8.2.30
324	8.2.31
325	8.2.32
327	8.2.33
440	8.2.34
2451	8.2.35
294	8.2.36
326	8.2.37
2501	8.2.38
84	8.2.39
2280	8.2.40
295	8.2.41
3016	8.2.42
3017	8.2.43
3018	8.2.44
3019	8.2.45
3015	8.2.46
3021	8.2.47
3024	8.2.48
3028	8.2.49
3029	8.2.50
3030	8.2.51
3031	8.2.52
3032	8.2.53
3034	8.2.54
3035	8.2.55
3038	8.2.56
3040	8.2.57
3041	8.2.58
3042	8.2.59
3043	8.2.60
3603	8.2.61
377	8.2.62
431	8.2.63
341	8.2.64
2309	8.2.65
162	8.2.66
3416	8.2.67
443	8.2.68
172	8.2.69
3604	8.2.70
3605	8.2.71
334	8.2.72
2484	8.2.73
2485	8.2.74
2486	8.2.75
433	8.2.76
354	8.2.77
2265	8.2.78
2629	8.2.79
419	8.2.80
438	8.2.81
93	8.2.82
94	8.2.83
95	8.2.84
96	8.2.85
97	8.2.86
3606	8.2.87
3607	8.2.88
3608	8.2.89
3609	8.2.90
3610	8.2.91
3611	8.2.92
3612	8.2.93
3613	8.2.94
3614	8.2.95
3615	8.2.96
3616	8.2.97
3617	8.2.98
3618	8.2.99
3619	8.2.100
3620	8.2.101
3621	8.2.102
3622	8.2.103
3623	8.2.104
3624	8.2.105
3625	8.2.106
3626	8.2.107
3627	8.2.108
3628	8.3.1
136	8.3.2
3632	8.3.3
137	8.3.4
135	8.3.5
139	8.3.6
140	8.3.7
3630	8.3.8
3631	8.3.9
141	8.3.10
3633	8.3.11
143	8.3.12
2335	8.3.13
173	8.3.14
76	8.3.15
339	8.3.16
167	8.3.17
168	8.3.18
67	8.3.19
169	8.3.20
170	8.3.21
171	8.3.22
122	8.3.23
123	8.3.24
126	8.3.25
127	8.3.26
129	8.3.27
130	8.3.28
131	8.3.29
132	8.3.30
133	8.3.31
134	8.3.32
108	8.3.33
138	8.3.34
150	8.3.35
151	8.3.36
142	8.3.37
152	8.3.38
153	8.3.39
154	8.3.40
155	8.3.41
156	8.3.42
157	8.3.43
158	8.3.44
159	8.3.45
160	8.3.46
161	8.3.47
144	8.3.48
3634	8.3.49
3635	8.3.50
3636	8.3.51
3637	8.3.52
3638	8.3.53
3639	8.3.54
210	8.3.55
335	8.3.56
211	8.3.57
434	8.3.58
212	8.3.59
2410	8.3.60
2627	8.3.61
2628	8.3.62
2276	8.3.63
2277	8.3.64
2270	8.3.65
2271	8.3.66
2272	8.3.67
2273	8.3.68
2274	8.3.69
2275	8.3.70
2359	8.3.71
2349	8.3.72
2398	8.3.73
2399	8.3.74
3026	8.3.75
2537	8.3.76
2556	8.3.77
2247	8.3.78
2325	8.3.79
1019	8.3.80
1020	8.3.81
924	8.3.82
1021	8.3.83
984	8.3.84
983	8.3.85
3193	8.3.86
2472	8.3.87
2477	8.3.88
3082	8.3.89
3083	8.3.90
3084	8.3.91
2917	8.3.92
3233	8.3.93
3206	8.3.94
967	8.3.95
3085	8.3.96
2918	8.3.97
1022	8.3.98
1023	8.3.99
1024	8.3.100
1325	8.3.101
2403	8.3.102
3640	8.3.103
3641	8.3.104
3642	8.3.105
3643	8.3.106
3644	8.3.107
3645	8.3.108
3646	8.3.109
3168	8.3.110
2123	8.3.111
2640	8.3.112
2278	8.3.113
3027	8.3.114
2358	8.3.115
2580	8.3.116
2526	8.3.117
2361	8.3.118
3647	8.3.119
235	8.4.1
197	8.4.2
857	8.4.3
1039	8.4.4
1050	8.4.5
1051	8.4.6
791	8.4.7
1052	8.4.8
1053	8.4.9
1054	8.4.10
1055	8.4.11
307	8.4.12
1056	8.4.13
287	8.4.14
2530	8.4.15
2231	8.4.16
2285	8.4.17
2232	8.4.18
2478	8.4.19
2984	8.4.20
2606	8.4.21
359	8.4.22
2429	8.4.23
3294	8.4.24
3295	8.4.25
3648	8.4.26
3649	8.4.27
859	8.4.28
2835	8.4.29
2836	8.4.30
2837	8.4.31
2838	8.4.32
2839	8.4.33
2840	8.4.34
3310	8.4.35
2518	8.4.36
198	8.4.37
1057	8.4.38
792	8.4.39
111	8.4.40
113	8.4.41
114	8.4.42
115	8.4.43
112	8.4.44
116	8.4.45
59	8.4.46
48	8.4.47
55	8.4.48
340	8.4.49
56	8.4.50
57	8.4.51
58	8.4.52
52	8.4.53
2182	8.4.54
121	8.4.55
206	8.4.56
110	8.4.57
124	8.4.58
125	8.4.59
117	8.4.60
118	8.4.61
119	8.4.62
120	8.4.63
60	8.4.64
71	8.4.65
3660	8.4.66
3661	8.4.67
11	8.4.68
